NAME,LINE,Geometry X Y,Geometry
45th Rd - Court House Sq,7-7 Express,,"{""type"": ""Point"", ""coordinates"": [-73.94526400065327, 40.7470233318634]}"
Vernon Blvd - Jackson Ave,7-7 Express,,"{""type"": ""Point"", ""coordinates"": [-73.95358099881999, 40.74262633257128]}"
Middletown Rd,6-6 Express,,"{""type"": ""Point"", ""coordinates"": [-73.83632199732645, 40.84386333467359]}"
Junction Blvd,7-7 Express,,"{""type"": ""Point"", ""coordinates"": [-73.86952699979643, 40.749145332731075]}"
Wilson Ave,L,,"{""type"": ""Point"", ""coordinates"": [-73.90395860493139, 40.68886687533077]}"
Essex St,J-M-Z,,"{""type"": ""Point"", ""coordinates"": [-73.98740940233351, 40.71830638908546]}"
Beach 36th St,A,,"{""type"": ""Point"", ""coordinates"": [-73.76817499792801, 40.5953983345618]}"
74th St - Broadway,7,,"{""type"": ""Point"", ""coordinates"": [-73.89120512838272, 40.74686790740984]}"
5th Ave - 53rd St,E-M,,"{""type"": ""Point"", ""coordinates"": [-73.97524850466023, 40.76008716596102]}"
Nostrand Ave,A-C,,"{""type"": ""Point"", ""coordinates"": [-73.95042600048536, 40.680438333107304]}"
Hunters Point Ave,7-7 Express,,"{""type"": ""Point"", ""coordinates"": [-73.94891600116063, 40.74221633326162]}"
66th St - Lincoln Ctr,1-2,,"{""type"": ""Point"", ""coordinates"": [-73.98220900041206, 40.77344033423141]}"
Woodhaven Blvd - Queens Mall,E-M-R,,"{""type"": ""Point"", ""coordinates"": [-73.86943208499197, 40.73309770715035]}"
Baychester Ave,5,,"{""type"": ""Point"", ""coordinates"": [-73.83859099777185, 40.87866333374524]}"
South Ferry,1,,"{""type"": ""Point"", ""coordinates"": [-74.01316895983928, 40.70173084095288]}"
Cleveland St,J,,"{""type"": ""Point"", ""coordinates"": [-73.88519400124282, 40.67977833229994]}"
Saratoga Ave,3-4,,"{""type"": ""Point"", ""coordinates"": [-73.91633024966036, 40.6615301232142]}"
Ave M,B-Q,,"{""type"": ""Point"", ""coordinates"": [-73.95924310477636, 40.617398078183385]}"
25th St,D-N-R,,"{""type"": ""Point"", ""coordinates"": [-73.99809099983278, 40.66039700032121]}"
Rockaway Ave,A-C,,"{""type"": ""Point"", ""coordinates"": [-73.91194599727311, 40.67834033324107]}"
Carroll St,F-G,,"{""type"": ""Point"", ""coordinates"": [-73.99494697982018, 40.680273684696886]}"
125th St,2-3,,"{""type"": ""Point"", ""coordinates"": [-73.94549500019211, 40.80775433284043]}"
Flushing - Main St,7-7 Express,,"{""type"": ""Point"", ""coordinates"": [-73.83003000183336, 40.759600332373104]}"
79th St,D,,"{""type"": ""Point"", ""coordinates"": [-74.00058287394693, 40.61315925934443]}"
Broadway - Nassau St,A-C,,"{""type"": ""Point"", ""coordinates"": [-74.00762309342785, 40.71016249872163]}"
169th St,F,,"{""type"": ""Point"", ""coordinates"": [-73.79347419781818, 40.71051783638574]}"
New Lots Ave,L,,"{""type"": ""Point"", ""coordinates"": [-73.89927796012273, 40.658915106890326]}"
Woodside - 61st St,7-7 Express,,"{""type"": ""Point"", ""coordinates"": [-73.90298400085231, 40.74563033401387]}"
Canal St,N-Q,,"{""type"": ""Point"", ""coordinates"": [-74.00105471253049, 40.7188145968226]}"
3rd Ave - 149th St,2-5,,"{""type"": ""Point"", ""coordinates"": [-73.91779152703786, 40.8160295857093]}"
Howard Beach - JFK Airport,A,,"{""type"": ""Point"", ""coordinates"": [-73.83030099930426, 40.660476333123164]}"
Myrtle Ave,J-M-Z,,"{""type"": ""Point"", ""coordinates"": [-73.93562300040666, 40.697195333612314]}"
Middle Village - Metropolitan Ave,M,,"{""type"": ""Point"", ""coordinates"": [-73.88957722978759, 40.711431638279194]}"
53rd St,N-R,,"{""type"": ""Point"", ""coordinates"": [-74.01403400049041, 40.64506900050896]}"
Clark St,2-3,,"{""type"": ""Point"", ""coordinates"": [-73.99308599832655, 40.697466332984774]}"
Brook Ave,6,,"{""type"": ""Point"", ""coordinates"": [-73.91923999817342, 40.80756633325037]}"
125th St,1,,"{""type"": ""Point"", ""coordinates"": [-73.9583720009297, 40.81558133292646]}"
225th St,2-5,,"{""type"": ""Point"", ""coordinates"": [-73.86021461686788, 40.888028591575704]}"
Graham Ave,L,,"{""type"": ""Point"", ""coordinates"": [-73.94394399788153, 40.714576331499664]}"
Gravesend - 86th St,N,,"{""type"": ""Point"", ""coordinates"": [-73.97818899976662, 40.59246533390259]}"
181st St,A,,"{""type"": ""Point"", ""coordinates"": [-73.93796900163547, 40.85169533266241]}"
Atlantic Av - Pacific St,D-N-R,,"{""type"": ""Point"", ""coordinates"": [-73.97880999934853, 40.68366600047982]}"
Bay Pky,N,,"{""type"": ""Point"", ""coordinates"": [-73.98178001024027, 40.6114561229843]}"
5th Ave - Bryant Pk,7-7 Express,,"{""type"": ""Point"", ""coordinates"": [-73.98196299871366, 40.753821333593685]}"
Nevins St,2-3-4-5,,"{""type"": ""Point"", ""coordinates"": [-73.98040679867192, 40.688310913105894]}"
High St,A-C,,"{""type"": ""Point"", ""coordinates"": [-73.9905310009556, 40.699337332737805]}"
Bay Pky,D,,"{""type"": ""Point"", ""coordinates"": [-73.99367619973995, 40.60195079521267]}"
Euclid Ave,A-C-S,,"{""type"": ""Point"", ""coordinates"": [-73.87210599994201, 40.6753773319332]}"
Kosciuszko St,J,,"{""type"": ""Point"", ""coordinates"": [-73.9285089985691, 40.69317233423693]}"
Broadway - Lafayette St,B-D-F-M,,"{""type"": ""Point"", ""coordinates"": [-73.99620399840279, 40.72529733229919]}"
Flushing Ave,G,,"{""type"": ""Point"", ""coordinates"": [-73.95023400050613, 40.7003769995184]}"
Grant Ave,A-S,,"{""type"": ""Point"", ""coordinates"": [-73.86504999808706, 40.67704433385237]}"
Church Ave,2-5,,"{""type"": ""Point"", ""coordinates"": [-73.94945514032192, 40.650861020709115]}"
Far Rockaway - Mott Ave,A,,"{""type"": ""Point"", ""coordinates"": [-73.75540499789503, 40.6039953347203]}"
W 4th St - Washington Sq (Lower),B-D-F-M,,"{""type"": ""Point"", ""coordinates"": [-74.00030814706817, 40.73225482650671]}"
59th St - Columbus Circle,A-B-C-D,,"{""type"": ""Point"", ""coordinates"": [-73.98164872336669, 40.76824986498321]}"
111th St,7,,"{""type"": ""Point"", ""coordinates"": [-73.85533399729219, 40.75173033299954]}"
170th St,B-D,,"{""type"": ""Point"", ""coordinates"": [-73.91339999796044, 40.83930633332872]}"
69th St,7,,"{""type"": ""Point"", ""coordinates"": [-73.896402998386, 40.74632533282429]}"
Jay St - Borough Hall,A-C-F,,"{""type"": ""Point"", ""coordinates"": [-73.98721815311175, 40.692470970444674]}"
116th St,4-6-6 Express,,"{""type"": ""Point"", ""coordinates"": [-73.94161699828472, 40.798629333845845]}"
Botanic Garden,S,,"{""type"": ""Point"", ""coordinates"": [-73.95924499975288, 40.67034299997608]}"
Ft Hamilton Pkwy,F-G,,"{""type"": ""Point"", ""coordinates"": [-73.97577599885985, 40.6507820009882]}"
36th St,D-N-R,,"{""type"": ""Point"", ""coordinates"": [-74.00354899956918, 40.65514399975163]}"
Chauncey St,J-Z,,"{""type"": ""Point"", ""coordinates"": [-73.91038356930937, 40.68285163449449]}"
Franklin Ave - Fulton St,S,,"{""type"": ""Point"", ""coordinates"": [-73.9558270010879, 40.680595999428036]}"
Fordham Rd,B-D,,"{""type"": ""Point"", ""coordinates"": [-73.89774900076844, 40.861296331820334]}"
Hewes St,J-M,,"{""type"": ""Point"", ""coordinates"": [-73.95348800040833, 40.70689033121794]}"
Rockaway Blvd,A-S,,"{""type"": ""Point"", ""coordinates"": [-73.84385299711742, 40.68042933335032]}"
50th St,A-C-E,,"{""type"": ""Point"", ""coordinates"": [-73.98598399999044, 40.762456332634]}"
Central Ave,M,,"{""type"": ""Point"", ""coordinates"": [-73.92724299829533, 40.697873333390426]}"
President St,2-5,,"{""type"": ""Point"", ""coordinates"": [-73.95058920055881, 40.66788393657215]}"
Broadway,N-Q,,"{""type"": ""Point"", ""coordinates"": [-73.9258229985642, 40.7614323320249]}"
Franklin Ave,A-C,,"{""type"": ""Point"", ""coordinates"": [-73.95684799980506, 40.68137999975926]}"
Jefferson St,L,,"{""type"": ""Point"", ""coordinates"": [-73.9229129995305, 40.70660699935991]}"
Dyckman St,A,,"{""type"": ""Point"", ""coordinates"": [-73.92727099913168, 40.86549133254289]}"
Spring St,A-C-E,,"{""type"": ""Point"", ""coordinates"": [-74.00373899872895, 40.726227334952156]}"
20th Ave,N,,"{""type"": ""Point"", ""coordinates"": [-73.98452199841236, 40.61710933301555]}"
Times Sq - 42nd St,N-Q-R,,"{""type"": ""Point"", ""coordinates"": [-73.98676800202693, 40.75461233223081]}"
Hunts Point Ave,6-6 Express,,"{""type"": ""Point"", ""coordinates"": [-73.89054899975379, 40.82094833186623]}"
9th Ave,D,,"{""type"": ""Point"", ""coordinates"": [-73.99444874408539, 40.646484410846405]}"
Metropolitan Ave,G,,"{""type"": ""Point"", ""coordinates"": [-73.95142399956141, 40.71277433426999]}"
96th St,4-6-6 Express,,"{""type"": ""Point"", ""coordinates"": [-73.95107000070678, 40.78567233348526]}"
7th Ave,F-G,,"{""type"": ""Point"", ""coordinates"": [-73.98025117886922, 40.66624502369059]}"
57th St,N-Q-R,,"{""type"": ""Point"", ""coordinates"": [-73.98072973313593, 40.76456585850867]}"
50th St,D,,"{""type"": ""Point"", ""coordinates"": [-73.99465878009649, 40.63626122438393]}"
Union St,D-N-R,,"{""type"": ""Point"", ""coordinates"": [-73.98310999931773, 40.67731600045992]}"
67th Ave,E-M-R,,"{""type"": ""Point"", ""coordinates"": [-73.85286048368059, 40.726505809346726]}"
42nd St - Port Authority Bus Term,A-C-E,,"{""type"": ""Point"", ""coordinates"": [-73.98973500043807, 40.75730833180804]}"
Queens Plz,E-M-R,,"{""type"": ""Point"", ""coordinates"": [-73.93713823926093, 40.74891805312854]}"
Lexington Ave - 63rd St,F,,"{""type"": ""Point"", ""coordinates"": [-73.96608964340207, 40.76461842815073]}"
72nd St,1-2-3,,"{""type"": ""Point"", ""coordinates"": [-73.98197000104184, 40.77845333395164]}"
145th St,A-B-C-D,,"{""type"": ""Point"", ""coordinates"": [-73.94408792835772, 40.824766694064536]}"
47th-50th Sts - Rockefeller Ctr,B-D-F-M,,"{""type"": ""Point"", ""coordinates"": [-73.98133100211903, 40.758641334665505]}"
116th St,A-B-C,,"{""type"": ""Point"", ""coordinates"": [-73.95479778092772, 40.80505846710759]}"
Fulton St,J-Z,,"{""type"": ""Point"", ""coordinates"": [-74.00793800087732, 40.710022999610835]}"
Aqueduct Racetrack (To Manh Only),A,,"{""type"": ""Point"", ""coordinates"": [-73.83591899879404, 40.67209733230546]}"
Mosholu Pkwy,4,,"{""type"": ""Point"", ""coordinates"": [-73.88465499988875, 40.879750332969095]}"
Borough Hall,2-3,,"{""type"": ""Point"", ""coordinates"": [-73.98999799906528, 40.69321933265991]}"
Northern Blvd,E-M-R,,"{""type"": ""Point"", ""coordinates"": [-73.90606508028189, 40.75282516296219]}"
190th St,A,,"{""type"": ""Point"", ""coordinates"": [-73.93417999937546, 40.85902233222037]}"
33rd St,7,,"{""type"": ""Point"", ""coordinates"": [-73.9309969987384, 40.74458733359268]}"
Wyckoff Ave,M,,"{""type"": ""Point"", ""coordinates"": [-73.9121789987563, 40.69945433464854]}"
E 149th St,6,,"{""type"": ""Point"", ""coordinates"": [-73.9040979979671, 40.81211833173804]}"
Seneca Ave,M,,"{""type"": ""Point"", ""coordinates"": [-73.90758199842973, 40.70291933262723]}"
Norwood - 205th St,D,,"{""type"": ""Point"", ""coordinates"": [-73.87885499849911, 40.8748113336823]}"
Neptune Ave,F,,"{""type"": ""Point"", ""coordinates"": [-73.97459272802229, 40.5807390915216]}"
23rd St,N-R,,"{""type"": ""Point"", ""coordinates"": [-73.9893440004543, 40.741303000168614]}"
DeKalb Ave,L,,"{""type"": ""Point"", ""coordinates"": [-73.91823200153037, 40.70369333256859]}"
20th Ave,D,,"{""type"": ""Point"", ""coordinates"": [-73.9981743210267, 40.604677331055264]}"
Wall St,2-3,,"{""type"": ""Point"", ""coordinates"": [-74.00909999899451, 40.70682133279034]}"
181st St,1,,"{""type"": ""Point"", ""coordinates"": [-73.9335959998164, 40.84950533329608]}"
23rd St,1-2,,"{""type"": ""Point"", ""coordinates"": [-73.99565700196472, 40.74408133288402]}"
Woodhaven Blvd,J-Z,,"{""type"": ""Point"", ""coordinates"": [-73.85205199698797, 40.69370433254963]}"
E 180th St,2-5,,"{""type"": ""Point"", ""coordinates"": [-73.87334609435, 40.841863374499]}"
8th Ave,N,,"{""type"": ""Point"", ""coordinates"": [-74.01151599735906, 40.634971332836216]}"
149th St - Grand Concourse,4,,"{""type"": ""Point"", ""coordinates"": [-73.92738475430815, 40.81830377684669]}"
85th St - Forest Pky,J,,"{""type"": ""Point"", ""coordinates"": [-73.86008699933826, 40.69242733304358]}"
Sutphin Blvd,F,,"{""type"": ""Point"", ""coordinates"": [-73.81083299827162, 40.705418332529966]}"
18th Ave,N,,"{""type"": ""Point"", ""coordinates"": [-73.99045399859845, 40.62068733124863]}"
Lafayette Ave,A-C,,"{""type"": ""Point"", ""coordinates"": [-73.97394599824153, 40.68611333330107]}"
110th St,4-6-6 Express,,"{""type"": ""Point"", ""coordinates"": [-73.9442499969671, 40.79502033352398]}"
23rd St - Ely Av,E-M,,"{""type"": ""Point"", ""coordinates"": [-73.94605470270497, 40.74776845479479]}"
Fulton St,G,,"{""type"": ""Point"", ""coordinates"": [-73.97537499873906, 40.68711933265776]}"
Kew Gardens - Union Tpke,E-F,,"{""type"": ""Point"", ""coordinates"": [-73.83037027017498, 40.71403515293741]}"
Bergen St,F-G,,"{""type"": ""Point"", ""coordinates"": [-73.9907564955075, 40.686110880982675]}"
Pelham Pkwy,5,,"{""type"": ""Point"", ""coordinates"": [-73.85535900005986, 40.858985332939255]}"
103rd St - Corona Plaza,7,,"{""type"": ""Point"", ""coordinates"": [-73.86269999706151, 40.749865334301454]}"
28th St,1-2,,"{""type"": ""Point"", ""coordinates"": [-73.9933650013927, 40.747215332356504]}"
Beach 98th St,A-S,,"{""type"": ""Point"", ""coordinates"": [-73.82052058872057, 40.58538602425413]}"
75th Ave,E-F,,"{""type"": ""Point"", ""coordinates"": [-73.83692369317717, 40.718044987068765]}"
168th St,A-C,,"{""type"": ""Point"", ""coordinates"": [-73.93956099987888, 40.84071933346525]}"
Canal St,J-Z,,"{""type"": ""Point"", ""coordinates"": [-73.9998263855514, 40.71817420996135]}"
155th St,B-D,,"{""type"": ""Point"", ""coordinates"": [-73.93820899809947, 40.830135333215736]}"
52nd St,7,,"{""type"": ""Point"", ""coordinates"": [-73.91254899814015, 40.744149334350055]}"
71st St,D,,"{""type"": ""Point"", ""coordinates"": [-73.99884094905443, 40.619259043008135]}"
Bedford Ave,L,,"{""type"": ""Point"", ""coordinates"": [-73.95666499837014, 40.7171743323137]}"
East Broadway,F,,"{""type"": ""Point"", ""coordinates"": [-73.99017700117358, 40.71385533408635]}"
Gun Hill Rd,2-5,,"{""type"": ""Point"", ""coordinates"": [-73.86613410422366, 40.87783971871565]}"
Cortlandt St (Temporarily Closed),1,,"{""type"": ""Point"", ""coordinates"": [-74.01218800069748, 40.711835334525134]}"
170th St,4,,"{""type"": ""Point"", ""coordinates"": [-73.91779099709348, 40.84007533283495]}"
Brooklyn College - Flatbush Ave,2-5,,"{""type"": ""Point"", ""coordinates"": [-73.94754120719476, 40.632842740467474]}"
Bay 50th St,D,,"{""type"": ""Point"", ""coordinates"": [-73.98376500025728, 40.58884099986494]}"
Coney Island - Stillwell Av,D-F-N-Q,,"{""type"": ""Point"", ""coordinates"": [-73.98123599855967, 40.57728133344393]}"
Whitlock Ave,6,,"{""type"": ""Point"", ""coordinates"": [-73.88628299832426, 40.826525333801875]}"
231st St,1,,"{""type"": ""Point"", ""coordinates"": [-73.9048340004263, 40.878856331874275]}"
149th St - Grand Concourse,2-5,,"{""type"": ""Point"", ""coordinates"": [-73.92672247457743, 40.81833047711114]}"
Chambers St,J-Z,,"{""type"": ""Point"", ""coordinates"": [-74.00340673089002, 40.713234122732764]}"
157th St,1,,"{""type"": ""Point"", ""coordinates"": [-73.9448899987427, 40.834041333543816]}"
34th St - Penn Station,A-C-E,,"{""type"": ""Point"", ""coordinates"": [-73.99339099930405, 40.75228733413113]}"
103rd St,A-B-C,,"{""type"": ""Point"", ""coordinates"": [-73.9613700821618, 40.796061073562505]}"
Morris Park,5,,"{""type"": ""Point"", ""coordinates"": [-73.86049499998197, 40.85436433270012]}"
Central Park North (110th St),2-3,,"{""type"": ""Point"", ""coordinates"": [-73.95182200107371, 40.79907533284108]}"
Roosevelt Island - Main St,F,,"{""type"": ""Point"", ""coordinates"": [-73.9532350000272, 40.75917233330988]}"
Beach 105th St,A-S,,"{""type"": ""Point"", ""coordinates"": [-73.82758074931658, 40.58326877097871]}"
Grand Ave - Newtown,E-M-R,,"{""type"": ""Point"", ""coordinates"": [-73.87722085593695, 40.73681375120883]}"
Elder Ave,6,,"{""type"": ""Point"", ""coordinates"": [-73.8791589978172, 40.828584334572795]}"
Wall St,4-5,,"{""type"": ""Point"", ""coordinates"": [-74.01186199920531, 40.70755733436244]}"
Canal St - Holland Tunnel,A-C-E,,"{""type"": ""Point"", ""coordinates"": [-74.00522900191187, 40.72082433307867]}"
77th St,4-6-6 Express,,"{""type"": ""Point"", ""coordinates"": [-73.95987399807252, 40.773620334014936]}"
Allerton Ave,2-5,,"{""type"": ""Point"", ""coordinates"": [-73.86723422776342, 40.86548371157601]}"
Beach 44th St,A,,"{""type"": ""Point"", ""coordinates"": [-73.77601299886842, 40.592943332625765]}"
137th St - City College,1,,"{""type"": ""Point"", ""coordinates"": [-73.95367600034146, 40.8220083326451]}"
Cypress Hills,J,,"{""type"": ""Point"", ""coordinates"": [-73.8733219982875, 40.689616334196224]}"
168th St,1,,"{""type"": ""Point"", ""coordinates"": [-73.94013299889698, 40.84055633285499]}"
50th St,1-2,,"{""type"": ""Point"", ""coordinates"": [-73.98384899991835, 40.76172833308099]}"
City Hall,N-R,,"{""type"": ""Point"", ""coordinates"": [-74.00698581794771, 40.7132726645312]}"
Kingston Ave,3-4,,"{""type"": ""Point"", ""coordinates"": [-73.94215978326196, 40.669481781604276]}"
Beach 60th St,A,,"{""type"": ""Point"", ""coordinates"": [-73.78852199717775, 40.59237433461573]}"
Kings Hwy,B-Q,,"{""type"": ""Point"", ""coordinates"": [-73.95760873539076, 40.60863897842452]}"
Ave X,F,,"{""type"": ""Point"", ""coordinates"": [-73.9742659993022, 40.58944999984696]}"
Grand Central - 42nd St,4-5-6-6 Express,,"{""type"": ""Point"", ""coordinates"": [-73.97671329936158, 40.751807763114954]}"
5th Ave - 59th St,N-Q-R,,"{""type"": ""Point"", ""coordinates"": [-73.97334700018423, 40.764811332751776]}"
Utica Ave,A-C,,"{""type"": ""Point"", ""coordinates"": [-73.93072899845315, 40.679364333016466]}"
Livonia Ave,L,,"{""type"": ""Point"", ""coordinates"": [-73.9005623715631, 40.66405760418223]}"
72nd St,A-B-C,,"{""type"": ""Point"", ""coordinates"": [-73.97633657548647, 40.775519731034606]}"
46th St,E-M-R,,"{""type"": ""Point"", ""coordinates"": [-73.9135217500592, 40.756317285998]}"
6th Ave,L,,"{""type"": ""Point"", ""coordinates"": [-73.99775078872285, 40.73774180311207]}"
Church Ave,B-Q,,"{""type"": ""Point"", ""coordinates"": [-73.96288246144861, 40.65049357987566]}"
167th St,4,,"{""type"": ""Point"", ""coordinates"": [-73.92139999756641, 40.83553733302139]}"
18th St,1-2,,"{""type"": ""Point"", ""coordinates"": [-73.99787100112229, 40.74104033296669]}"
215th St,1,,"{""type"": ""Point"", ""coordinates"": [-73.91527899930834, 40.86944433290486]}"
Pelham Bay Park,6-6 Express,,"{""type"": ""Point"", ""coordinates"": [-73.82812099995712, 40.85246233314585]}"
Borough Hall,4-5,,"{""type"": ""Point"", ""coordinates"": [-73.99015100058308, 40.69240433310094]}"
Prospect Ave,D-N-R,,"{""type"": ""Point"", ""coordinates"": [-73.99287200058954, 40.66541400009329]}"
Spring St,4-6-6 Express,,"{""type"": ""Point"", ""coordinates"": [-73.9971409995061, 40.722301333317155]}"
Classon Ave,G,,"{""type"": ""Point"", ""coordinates"": [-73.9599900012695, 40.688889333676386]}"
Beverly Rd,B-Q,,"{""type"": ""Point"", ""coordinates"": [-73.96435779549273, 40.64390493165591]}"
Forest Ave,M,,"{""type"": ""Point"", ""coordinates"": [-73.90307499994637, 40.70441233402828]}"
Times Sq - 42nd St,S,,"{""type"": ""Point"", ""coordinates"": [-73.98622899993681, 40.75598333348288]}"
Brighton Beach,B-Q,,"{""type"": ""Point"", ""coordinates"": [-73.96135378572059, 40.57771052976747]}"
155th St,A-C,,"{""type"": ""Point"", ""coordinates"": [-73.94151400028578, 40.830518333008314]}"
Jamaica Ctr - Parsons / Archer,E-J-Z,,"{""type"": ""Point"", ""coordinates"": [-73.80109632198106, 40.70206770924657]}"
161st St - Yankee Stadium,4,,"{""type"": ""Point"", ""coordinates"": [-73.92569199495195, 40.828230660635846]}"
Halsey St,L,,"{""type"": ""Point"", ""coordinates"": [-73.90393400047107, 40.695518334481875]}"
Broad St,J-Z,,"{""type"": ""Point"", ""coordinates"": [-74.01105600048916, 40.70647633411757]}"
36th St,E-M-R,,"{""type"": ""Point"", ""coordinates"": [-73.92901818470378, 40.75196037748231]}"
Bedford Park Blvd,B-D,,"{""type"": ""Point"", ""coordinates"": [-73.88713799869907, 40.8732443317197]}"
Fulton St,2-3,,"{""type"": ""Point"", ""coordinates"": [-74.00657100024905, 40.70941633229349]}"
Parkside Ave,B-Q,,"{""type"": ""Point"", ""coordinates"": [-73.96145344000774, 40.65507337471704]}"
Union Sq - 14th St,4-5-6-6 Express,,"{""type"": ""Point"", ""coordinates"": [-73.98995099886982, 40.73467333456096]}"
Cypress Ave,6,,"{""type"": ""Point"", ""coordinates"": [-73.91404199941681, 40.805368334351826]}"
Myrtle-Willoughby Aves,G,,"{""type"": ""Point"", ""coordinates"": [-73.94906699828148, 40.69461933256738]}"
182nd-183rd Sts,B-D,,"{""type"": ""Point"", ""coordinates"": [-73.90074099926741, 40.856093331877865]}"
Broadway,G,,"{""type"": ""Point"", ""coordinates"": [-73.95031225595979, 40.70612690984063]}"
Atlantic Ave,B-Q,,"{""type"": ""Point"", ""coordinates"": [-73.97678343931099, 40.68448865643631]}"
Lorimer St,L,,"{""type"": ""Point"", ""coordinates"": [-73.95024800019324, 40.714072334172165]}"
Ave U,B-Q,,"{""type"": ""Point"", ""coordinates"": [-73.95581122321063, 40.59930928455786]}"
28th St,4-6-6 Express,,"{""type"": ""Point"", ""coordinates"": [-73.98426400149614, 40.743070332827884]}"
Lexington Ave - 59th St,4-5-6-6 Express,,"{""type"": ""Point"", ""coordinates"": [-73.96796700066434, 40.762526333891685]}"
Lorimer St,J-M,,"{""type"": ""Point"", ""coordinates"": [-73.94735499813581, 40.70384433379357]}"
Christopher St - Sheridan Sq,1-2,,"{""type"": ""Point"", ""coordinates"": [-74.00290599889694, 40.73342233397501]}"
Pelham Pkwy,2-5,,"{""type"": ""Point"", ""coordinates"": [-73.86748067761881, 40.857192742501574]}"
Bay Pky,F,,"{""type"": ""Point"", ""coordinates"": [-73.97525697755239, 40.62073195620627]}"
Pennsylvania Ave,3-4,,"{""type"": ""Point"", ""coordinates"": [-73.89488591124227, 40.66471478435392]}"
183rd St,4,,"{""type"": ""Point"", ""coordinates"": [-73.90387900070533, 40.85840733349184]}"
Bedford - Nostrand Aves,G,,"{""type"": ""Point"", ""coordinates"": [-73.95352199987609, 40.68962733491339]}"
161st St - Yankee Stadium,B-D,,"{""type"": ""Point"", ""coordinates"": [-73.92565099751465, 40.82790533241324]}"
Smith - 9th Sts,F-G,,"{""type"": ""Point"", ""coordinates"": [-73.99589172757456, 40.67364139460909]}"
Chambers St,1-2-3,,"{""type"": ""Point"", ""coordinates"": [-74.0092660017244, 40.715478333173635]}"
Whitehall St,N-R,,"{""type"": ""Point"", ""coordinates"": [-74.01300723736426, 40.70314270735982]}"
138th St - Grand Concourse,4-5,,"{""type"": ""Point"", ""coordinates"": [-73.92984899948112, 40.8132243327986]}"
42nd St - Bryant Pk,B-D-F-M,,"{""type"": ""Point"", ""coordinates"": [-73.98459099839893, 40.75418433462963]}"
80th St,A-S,,"{""type"": ""Point"", ""coordinates"": [-73.85899200121284, 40.67937133457057]}"
68th St - Hunter College,4-6-6 Express,,"{""type"": ""Point"", ""coordinates"": [-73.96387000148654, 40.76814133390394]}"
Briarwood - Van Wyck Blvd,E-F,,"{""type"": ""Point"", ""coordinates"": [-73.82069263553898, 40.70916214886329]}"
Nereid Ave (238 St),2-5,,"{""type"": ""Point"", ""coordinates"": [-73.8543153099791, 40.898286849118094]}"
Queensboro Plz,7-7 Express-N-W,,"{""type"": ""Point"", ""coordinates"": [-73.94016353439736, 40.7506359843809]}"
Ozone Park - Lefferts Blvd,A-S,,"{""type"": ""Point"", ""coordinates"": [-73.82579799839583, 40.6859513319996]}"
Beach 67th St,A,,"{""type"": ""Point"", ""coordinates"": [-73.79692399899518, 40.59092733429039]}"
111th St,A-S,,"{""type"": ""Point"", ""coordinates"": [-73.83216299793182, 40.684331333425376]}"
145th St,1,,"{""type"": ""Point"", ""coordinates"": [-73.95035999809501, 40.82655133277467]}"
34th St - Penn Station,1-2-3,,"{""type"": ""Point"", ""coordinates"": [-73.99105699933409, 40.750373333577]}"
Broadway Junction,J-Z,,"{""type"": ""Point"", ""coordinates"": [-73.90428999742532, 40.67936633457459]}"
25th Ave,D,,"{""type"": ""Point"", ""coordinates"": [-73.98682900016433, 40.59770400016758]}"
York St,F,,"{""type"": ""Point"", ""coordinates"": [-73.98688499982445, 40.699743000921806]}"
Church Ave,F-G,,"{""type"": ""Point"", ""coordinates"": [-73.97972116167192, 40.644272333466034]}"
Kingsbridge Rd,4,,"{""type"": ""Point"", ""coordinates"": [-73.89717400101904, 40.8677603337447]}"
Freeman St,2-5,,"{""type"": ""Point"", ""coordinates"": [-73.89175225285321, 40.829987779945256]}"
174th-175th Sts,B-D,,"{""type"": ""Point"", ""coordinates"": [-73.91013600003971, 40.845900333572075]}"
Norwood Ave,J-Z,,"{""type"": ""Point"", ""coordinates"": [-73.87962599833818, 40.68152033389474]}"
Park Pl,S,,"{""type"": ""Point"", ""coordinates"": [-73.95762400033098, 40.67477199988722]}"
23rd St,4-6-6 Express,,"{""type"": ""Point"", ""coordinates"": [-73.9865990018397, 40.739864333550656]}"
59th St - Columbus Circle,1-2,,"{""type"": ""Point"", ""coordinates"": [-73.98192900168252, 40.768247333937516]}"
Steinway St,E-M-R,,"{""type"": ""Point"", ""coordinates"": [-73.92052647104087, 40.756987692724444]}"
Jackson Ave,2-5,,"{""type"": ""Point"", ""coordinates"": [-73.90770193853463, 40.81643779980875]}"
23rd St,A-C-E,,"{""type"": ""Point"", ""coordinates"": [-73.99804100061168, 40.74590633296396]}"
Grand Army Plaza,2-3-4,,"{""type"": ""Point"", ""coordinates"": [-73.9709563314429, 40.6752950288424]}"
Nostrand Ave,3-4,,"{""type"": ""Point"", ""coordinates"": [-73.95042624893817, 40.66993848398763]}"
Grand Central - 42nd St,S,,"{""type"": ""Point"", ""coordinates"": [-73.97918900000727, 40.752769000172535]}"
96th St,A-B-C,,"{""type"": ""Point"", ""coordinates"": [-73.96460245655108, 40.7916191312481]}"
St Lawrence Ave,6,,"{""type"": ""Point"", ""coordinates"": [-73.86761799826296, 40.83150933406971]}"
Canal St,1-2,,"{""type"": ""Point"", ""coordinates"": [-74.00627700023747, 40.722854331339]}"
Westchester Sq - E Tremont Ave,6-6 Express,,"{""type"": ""Point"", ""coordinates"": [-73.84295199835397, 40.8398923343977]}"
Kings Hwy,N,,"{""type"": ""Point"", ""coordinates"": [-73.98037300212548, 40.604059333367466]}"
Crescent St,J-Z,,"{""type"": ""Point"", ""coordinates"": [-73.873929251904, 40.68315299047881]}"
Sterling St,2-5,,"{""type"": ""Point"", ""coordinates"": [-73.95072891150399, 40.6627733269901]}"
Ave I,F,,"{""type"": ""Point"", ""coordinates"": [-73.97606933193556, 40.62501777348468]}"
81st St,A-B-C,,"{""type"": ""Point"", ""coordinates"": [-73.97209794941422, 40.781346417724386]}"
Alabama Ave,J,,"{""type"": ""Point"", ""coordinates"": [-73.89852600099037, 40.676998333601034]}"
116th St - Columbia University,1,,"{""type"": ""Point"", ""coordinates"": [-73.96410999793571, 40.80772233426183]}"
Bleecker St (Uptown),4-6-6 Express,,"{""type"": ""Point"", ""coordinates"": [-73.99465900013318, 40.72591499972978]}"
Fulton St,4-5,,"{""type"": ""Point"", ""coordinates"": [-74.00950899874383, 40.71036833193081]}"
Sheepshead Bay,B-Q,,"{""type"": ""Point"", ""coordinates"": [-73.9540579118221, 40.58654788005139]}"
Cortelyou Rd,B-Q,,"{""type"": ""Point"", ""coordinates"": [-73.96379005494857, 40.64094049871993]}"
Greenpoint Ave,G,,"{""type"": ""Point"", ""coordinates"": [-73.95442500175069, 40.73126733272311]}"
W 8th St - NY Aquarium,F-Q,,"{""type"": ""Point"", ""coordinates"": [-73.97595787404069, 40.57603415120001]}"
Tremont Ave,B-D,,"{""type"": ""Point"", ""coordinates"": [-73.9052270008801, 40.850410333188044]}"
86th St,4-5-6-6 Express,,"{""type"": ""Point"", ""coordinates"": [-73.95558899978447, 40.779492331770825]}"
39th Ave,N-Q,,"{""type"": ""Point"", ""coordinates"": [-73.93285137606901, 40.7527633945594]}"
Bushwick - Aberdeen,L,,"{""type"": ""Point"", ""coordinates"": [-73.90526176227327, 40.68286095849117]}"
176th St,4,,"{""type"": ""Point"", ""coordinates"": [-73.91179399805141, 40.84848033423408]}"
Elmhurst Ave,E-M-R,,"{""type"": ""Point"", ""coordinates"": [-73.88203474588963, 40.74237041300364]}"
116th St,2-3,,"{""type"": ""Point"", ""coordinates"": [-73.94962500105142, 40.802098332545924]}"
Bedford Park Blvd - Lehman College,4,,"{""type"": ""Point"", ""coordinates"": [-73.89006400056147, 40.873412332692865]}"
Inwood - 207th St,A,,"{""type"": ""Point"", ""coordinates"": [-73.91989900076258, 40.86807233326527]}"
Buhre Ave,6-6 Express,,"{""type"": ""Point"", ""coordinates"": [-73.8325689992474, 40.8468103326148]}"
Bleecker St (Downtown),4-6-6 Express,,"{""type"": ""Point"", ""coordinates"": [-73.99467467829565, 40.72593123822925]}"
Kingston - Throop Aves,A-C,,"{""type"": ""Point"", ""coordinates"": [-73.94085899839122, 40.679919332914004]}"
Jackson Hts - Roosevelt Av,E-F-M-R,,"{""type"": ""Point"", ""coordinates"": [-73.89129866498952, 40.74654002448508]}"
Wakefield - 241st St,2,,"{""type"": ""Point"", ""coordinates"": [-73.85061999835266, 40.90312533408348]}"
Fresh Pond Rd,M,,"{""type"": ""Point"", ""coordinates"": [-73.89589800086408, 40.706226331982556]}"
51st St,4-6-6 Express,,"{""type"": ""Point"", ""coordinates"": [-73.97192000013301, 40.7571073331482]}"
Cathedral Pkwy (110th St),A-B-C,,"{""type"": ""Point"", ""coordinates"": [-73.95806670664342, 40.80058189158559]}"
Woodlawn,4,,"{""type"": ""Point"", ""coordinates"": [-73.87875099890874, 40.886037333144934]}"
Broad Channel,A-S,,"{""type"": ""Point"", ""coordinates"": [-73.81583268677736, 40.60840251398194]}"
Newkirk Ave,B-Q,,"{""type"": ""Point"", ""coordinates"": [-73.96269486847967, 40.6351422703947]}"
Marble Hill - 225th St,1,,"{""type"": ""Point"", ""coordinates"": [-73.90983099891768, 40.87456133275333]}"
Mt Eden Ave,4,,"{""type"": ""Point"", ""coordinates"": [-73.91468499864921, 40.84443433383325]}"
Broadway Junction,L,,"{""type"": ""Point"", ""coordinates"": [-73.9031175784343, 40.678456582033995]}"
15th St - Prospect Park,F-G,,"{""type"": ""Point"", ""coordinates"": [-73.97973580607692, 40.66003602168542]}"
111th St,J,,"{""type"": ""Point"", ""coordinates"": [-73.83679338316993, 40.69711514442168]}"
62nd St,D,,"{""type"": ""Point"", ""coordinates"": [-73.9968572505166, 40.62622479610466]}"
Times Sq - 42nd St,1-2-3,,"{""type"": ""Point"", ""coordinates"": [-73.98749500043357, 40.75529033316707]}"
125th St,A-B-C-D,,"{""type"": ""Point"", ""coordinates"": [-73.95224799754354, 40.81107200632822]}"
82nd St - Jackson Hts,7,,"{""type"": ""Point"", ""coordinates"": [-73.88369699986342, 40.747659333202336]}"
Mets - Willets Point,7-7 Express,,"{""type"": ""Point"", ""coordinates"": [-73.84562499786709, 40.75462233245768]}"
75th St - Eldert Ln,J-Z,,"{""type"": ""Point"", ""coordinates"": [-73.86728799875732, 40.691290334621634]}"
New Lots Ave,3-4,,"{""type"": ""Point"", ""coordinates"": [-73.88411070786464, 40.66631526557438]}"
West Farms Sq - E Tremont Av,2-5,,"{""type"": ""Point"", ""coordinates"": [-73.87996127809552, 40.84020796544073]}"
World Trade Center,E,,"{""type"": ""Point"", ""coordinates"": [-74.00974461478481, 40.71256426010708]}"
1st Ave,L,,"{""type"": ""Point"", ""coordinates"": [-73.9816808750905, 40.73097530876067]}"
Park Pl,2-3,,"{""type"": ""Point"", ""coordinates"": [-74.00881099987156, 40.71305133220047]}"
121st St,J-Z,,"{""type"": ""Point"", ""coordinates"": [-73.82834899922638, 40.700482331674834]}"
59th St,N-R,,"{""type"": ""Point"", ""coordinates"": [-74.01788099968465, 40.64136199944237]}"
Rector St,N-R,,"{""type"": ""Point"", ""coordinates"": [-74.01297456237405, 40.707745089950436]}"
Liberty Ave,A-C,,"{""type"": ""Point"", ""coordinates"": [-73.8965480007524, 40.674542332868874]}"
Ave P,F,,"{""type"": ""Point"", ""coordinates"": [-73.97300281528898, 40.608843142578536]}"
7th Ave,B-D-E,,"{""type"": ""Point"", ""coordinates"": [-73.98169782381278, 40.76297048549049]}"
77th St,R,,"{""type"": ""Point"", ""coordinates"": [-74.0255099995847, 40.62974200015174]}"
Junius St,3-4,,"{""type"": ""Point"", ""coordinates"": [-73.90244864097306, 40.663589334909254]}"
Gun Hill Rd,5,,"{""type"": ""Point"", ""coordinates"": [-73.84638400102965, 40.86952633288795]}"
Longwood Ave,6,,"{""type"": ""Point"", ""coordinates"": [-73.89643499864891, 40.816104333643416]}"
Chambers St,A-C,,"{""type"": ""Point"", ""coordinates"": [-74.00858473606803, 40.71411133414896]}"
Ave H,B-Q,,"{""type"": ""Point"", ""coordinates"": [-73.96151793874004, 40.62920871052409]}"
36th Ave,N-Q,,"{""type"": ""Point"", ""coordinates"": [-73.92986199833229, 40.75644233343751]}"
45th St,N-R,,"{""type"": ""Point"", ""coordinates"": [-74.01000600035947, 40.64893899987875]}"
8th St - NYU,N-R,,"{""type"": ""Point"", ""coordinates"": [-73.99250799890923, 40.73046533199036]}"
30th Ave,N-Q,,"{""type"": ""Point"", ""coordinates"": [-73.92147900005988, 40.76677899973265]}"
Lower East Side - 2nd Ave,F,,"{""type"": ""Point"", ""coordinates"": [-73.98993799949142, 40.72340199950076]}"
Union Sq - 14th St,L,,"{""type"": ""Point"", ""coordinates"": [-73.99066976943077, 40.734763645526556]}"
Parkchester,6-6 Express,,"{""type"": ""Point"", ""coordinates"": [-73.86081599995802, 40.833226332180296]}"
Canarsie - Rockaway Pkwy,L,,"{""type"": ""Point"", ""coordinates"": [-73.90184999993393, 40.64665400044549]}"
Van Siclen Ave,J-Z,,"{""type"": ""Point"", ""coordinates"": [-73.89165772599061, 40.67802854813369]}"
9th St,D-N-R,,"{""type"": ""Point"", ""coordinates"": [-73.98830199970394, 40.67084700022303]}"
Hoyt - Schermerhorn Sts,A-C-G,,"{""type"": ""Point"", ""coordinates"": [-73.98503623995643, 40.688408809475774]}"
Rector St,1,,"{""type"": ""Point"", ""coordinates"": [-74.01378300080624, 40.70751333304192]}"
Canal St,N-R,,"{""type"": ""Point"", ""coordinates"": [-74.00182599973182, 40.71946533477725]}"
Zerega Ave,6-6 Express,,"{""type"": ""Point"", ""coordinates"": [-73.8470359980454, 40.836488333662835]}"
40th St,7,,"{""type"": ""Point"", ""coordinates"": [-73.92401599806121, 40.74378133469739]}"
Prospect Park,B-Q-S,,"{""type"": ""Point"", ""coordinates"": [-73.96203130451705, 40.661633788171336]}"
Long Island City - Court Sq,G,,"{""type"": ""Point"", ""coordinates"": [-73.94381559557152, 40.746305367062]}"
Ave U,F,,"{""type"": ""Point"", ""coordinates"": [-73.9733764190409, 40.59592515915183]}"
Broadway Junction,A-C,,"{""type"": ""Point"", ""coordinates"": [-73.90531600029097, 40.67833399982754]}"
28th St,N-R,,"{""type"": ""Point"", ""coordinates"": [-73.9886980006626, 40.7454543333092]}"
3rd Ave,L,,"{""type"": ""Point"", ""coordinates"": [-73.98575000098685, 40.73269133261915]}"
Lexington Ave - 53rd St,E-M,,"{""type"": ""Point"", ""coordinates"": [-73.96907237417732, 40.75746864157248]}"
Ave U,N,,"{""type"": ""Point"", ""coordinates"": [-73.97908400087039, 40.597236333644034]}"
Lexington Ave - 59th St,N-Q-R,,"{""type"": ""Point"", ""coordinates"": [-73.96737501664441, 40.76270918874381]}"
Rockaway Ave,3-4,,"{""type"": ""Point"", ""coordinates"": [-73.90895833563903, 40.66261782103148]}"
Intervale Ave,2-5,,"{""type"": ""Point"", ""coordinates"": [-73.89661738358403, 40.82214246442488]}"
Ocean Pkwy,Q,,"{""type"": ""Point"", ""coordinates"": [-73.96850100000474, 40.576312000578056]}"
96th St,1-2-3,,"{""type"": ""Point"", ""coordinates"": [-73.97232299948288, 40.793919334418575]}"
DeKalb Ave,B-D-N-Q-R,,"{""type"": ""Point"", ""coordinates"": [-73.98182400036208, 40.69063500033924]}"
65th St,E-M-R,,"{""type"": ""Point"", ""coordinates"": [-73.8987883776696, 40.749719862711466]}"
219th St,2-5,,"{""type"": ""Point"", ""coordinates"": [-73.86250970748023, 40.8838883075344]}"
Bay Ridge Ave,R,,"{""type"": ""Point"", ""coordinates"": [-74.02337699924081, 40.6349670002803]}"
Beach 90th St,A-S,,"{""type"": ""Point"", ""coordinates"": [-73.81365140294544, 40.58809189768094]}"
191st St,1,,"{""type"": ""Point"", ""coordinates"": [-73.92941199761113, 40.85522533500918]}"
88th St,A-S,,"{""type"": ""Point"", ""coordinates"": [-73.85146999893553, 40.679843334391265]}"
Clinton - Washington Aves,G,,"{""type"": ""Point"", ""coordinates"": [-73.96679599830856, 40.68809433458859]}"
4th Ave,F-G,,"{""type"": ""Point"", ""coordinates"": [-73.98977899967628, 40.670272000581356]}"
Flushing Ave,J-M,,"{""type"": ""Point"", ""coordinates"": [-73.94137734825625, 40.70040473673453]}"
Lawrence St,N-R,,"{""type"": ""Point"", ""coordinates"": [-73.98605667829871, 40.692255729369265]}"
Newkirk Ave,2-5,,"{""type"": ""Point"", ""coordinates"": [-73.94829990753223, 40.63999157603042]}"
Sutter Ave - Rutland Road,3-4,,"{""type"": ""Point"", ""coordinates"": [-73.92252118506696, 40.66476712220757]}"
46th St,7,,"{""type"": ""Point"", ""coordinates"": [-73.91843500055467, 40.743132334128454]}"
63rd Dr - Rego Park,E-M-R,,"{""type"": ""Point"", ""coordinates"": [-73.8616182002905, 40.72976430547172]}"
Astor Pl,4-6-6 Express,,"{""type"": ""Point"", ""coordinates"": [-73.99106999895497, 40.73005433376929]}"
90th St - Elmhurst Av,7,,"{""type"": ""Point"", ""coordinates"": [-73.87661299894195, 40.74840833400289]}"
Jamaica - Van Wyck,E,,"{""type"": ""Point"", ""coordinates"": [-73.81701287026027, 40.70289888659822]}"
Sutphin Blvd - Archer Av,E-J-Z,,"{""type"": ""Point"", ""coordinates"": [-73.80800471916436, 40.70038275752357]}"
Canal St,4-6-6 Express,,"{""type"": ""Point"", ""coordinates"": [-74.00019299900349, 40.71880333472738]}"
Aqueduct - North Conduit Av,A,,"{""type"": ""Point"", ""coordinates"": [-73.83405799882615, 40.66823433458024]}"
Gates Ave,J-Z,,"{""type"": ""Point"", ""coordinates"": [-73.92215600058694, 40.68958433256814]}"
Hoyt St,2-3,,"{""type"": ""Point"", ""coordinates"": [-73.98506379611646, 40.69054451845205]}"
Burnside Ave,4,,"{""type"": ""Point"", ""coordinates"": [-73.9076840006649, 40.85345333442869]}"
8th Ave,L,,"{""type"": ""Point"", ""coordinates"": [-74.00257800047761, 40.739777000121265]}"
7th Ave,B-Q,,"{""type"": ""Point"", ""coordinates"": [-73.97285279146305, 40.677102512887004]}"
Morgan Ave,L,,"{""type"": ""Point"", ""coordinates"": [-73.93314699998825, 40.70615200009968]}"
Brooklyn Bridge - City Hall,4-5-6-6 Express,,"{""type"": ""Point"", ""coordinates"": [-74.0041310011169, 40.713065332984]}"
145th St,3,,"{""type"": ""Point"", ""coordinates"": [-73.93624499890737, 40.82042133297877]}"
Cathedral Pkwy (110th St),1,,"{""type"": ""Point"", ""coordinates"": [-73.96684700014315, 40.80396733301688]}"
Court St,N-R,,"{""type"": ""Point"", ""coordinates"": [-73.99181830913476, 40.69419681412068]}"
Winthrop St,2-5,,"{""type"": ""Point"", ""coordinates"": [-73.95007934541682, 40.65665964750445]}"
Dyckman St,1,,"{""type"": ""Point"", ""coordinates"": [-73.92553599977492, 40.860531334573636]}"
167th St,B-D,,"{""type"": ""Point"", ""coordinates"": [-73.91843200077075, 40.83376933205914]}"
Franklin St,1-2,,"{""type"": ""Point"", ""coordinates"": [-74.00688600226547, 40.71931833420647]}"
Bergen St,2-3-4,,"{""type"": ""Point"", ""coordinates"": [-73.97499915098905, 40.680862470452865]}"
86th St,R,,"{""type"": ""Point"", ""coordinates"": [-74.02839800028353, 40.622687000322905]}"
Montrose Ave,L,,"{""type"": ""Point"", ""coordinates"": [-73.93979284651327, 40.70739139725244]}"
Sutter Ave,L,,"{""type"": ""Point"", ""coordinates"": [-73.90191599959427, 40.669145333752645]}"
Halsey St,J,,"{""type"": ""Point"", ""coordinates"": [-73.9166388839509, 40.686415604443596]}"
103rd St,1,,"{""type"": ""Point"", ""coordinates"": [-73.9683789992482, 40.79944633394729]}"
Clinton - Washington Aves,A-C,,"{""type"": ""Point"", ""coordinates"": [-73.96583799868547, 40.68326333287556]}"
33rd St,4-6-6 Express,,"{""type"": ""Point"", ""coordinates"": [-73.98207600124917, 40.74608133215756]}"
18th Ave,D,,"{""type"": ""Point"", ""coordinates"": [-74.00159259254065, 40.60773606520941]}"
Times Sq - 42nd St,7-7 Express,,"{""type"": ""Point"", ""coordinates"": [-73.98769099765994, 40.75547733499064]}"
Knickerbocker Ave,M,,"{""type"": ""Point"", ""coordinates"": [-73.91972000097107, 40.69866033477285]}"
Eastern Pkwy - Bklyn Museum,2-3-4,,"{""type"": ""Point"", ""coordinates"": [-73.96422203701742, 40.67203256892557]}"
Van Siclen Ave,A-C,,"{""type"": ""Point"", ""coordinates"": [-73.89035799977012, 40.67271033212397]}"
Crown Hts - Utica Ave,3-4,,"{""type"": ""Point"", ""coordinates"": [-73.93293256066342, 40.66897864436657]}"
Simpson St,2-5,,"{""type"": ""Point"", ""coordinates"": [-73.89306639471826, 40.823977174860985]}"
86th St,A-B-C,,"{""type"": ""Point"", ""coordinates"": [-73.968828494562, 40.785823379651504]}"
Ave N,F,,"{""type"": ""Point"", ""coordinates"": [-73.97404850907509, 40.614357045294526]}"
233rd St,2-5,,"{""type"": ""Point"", ""coordinates"": [-73.85736239433537, 40.893143575062346]}"
W 4th St - Washington Sq (Upper),A-C-E,,"{""type"": ""Point"", ""coordinates"": [-74.00049500225542, 40.732338331381506]}"
Kingsbridge Rd,B-D,,"{""type"": ""Point"", ""coordinates"": [-73.8935090000309, 40.86697833331909]}"
Bronx Park East,2-5,,"{""type"": ""Point"", ""coordinates"": [-73.868356091237, 40.84876899981112]}"
135th St,2-3,,"{""type"": ""Point"", ""coordinates"": [-73.94077000029486, 40.814229333477726]}"
238th St,1,,"{""type"": ""Point"", ""coordinates"": [-73.90086999936254, 40.88466733432632]}"
21st St - Queensbridge,F,,"{""type"": ""Point"", ""coordinates"": [-73.94193761381537, 40.753739603984585]}"
Prospect Ave,2-5,,"{""type"": ""Point"", ""coordinates"": [-73.90177778624373, 40.81948759780671]}"
Kings Hwy,F,,"{""type"": ""Point"", ""coordinates"": [-73.97235530833724, 40.60325873883342]}"
Delancey St,F,,"{""type"": ""Point"", ""coordinates"": [-73.98807806837894, 40.71868107565816]}"
Beverly Rd,2-5,,"{""type"": ""Point"", ""coordinates"": [-73.94884798335569, 40.64512385265649]}"
175th St,A,,"{""type"": ""Point"", ""coordinates"": [-73.9397039967383, 40.847391333954]}"
174th St,2-5,,"{""type"": ""Point"", ""coordinates"": [-73.88769359751677, 40.83719588331314]}"
Bay Ridge - 95th St,R,,"{""type"": ""Point"", ""coordinates"": [-74.03087600063023, 40.61662200061126]}"
55th St,D,,"{""type"": ""Point"", ""coordinates"": [-73.99534882553111, 40.63147909438558]}"
E 105th St,L,,"{""type"": ""Point"", ""coordinates"": [-73.89954769314156, 40.65046911841201]}"
Marcy Ave,J-M-Z,,"{""type"": ""Point"", ""coordinates"": [-73.95783199999849, 40.70838333361006]}"
163rd St - Amsterdam Av,A-C,,"{""type"": ""Point"", ""coordinates"": [-73.9398920015931, 40.83601333260568]}"
Neck Rd,B-Q,,"{""type"": ""Point"", ""coordinates"": [-73.95507827446245, 40.59532202457634]}"
14th St,F-M,,"{""type"": ""Point"", ""coordinates"": [-73.9962089989117, 40.738228332883615]}"
Burke Ave,2-5,,"{""type"": ""Point"", ""coordinates"": [-73.86705361677082, 40.87125913561438]}"
Beach 25th St,A,,"{""type"": ""Point"", ""coordinates"": [-73.7613529967363, 40.600066334219605]}"
Nassau Ave,G,,"{""type"": ""Point"", ""coordinates"": [-73.95118299979697, 40.724480331183514]}"
79th St,1-2,,"{""type"": ""Point"", ""coordinates"": [-73.97991700040636, 40.78393433274077]}"
New Utrecht Ave,N,,"{""type"": ""Point"", ""coordinates"": [-73.9963530004669, 40.62484200019375]}"
14th St,1-2-3,,"{""type"": ""Point"", ""coordinates"": [-74.00020100059415, 40.737826333308384]}"
103rd St,4-6-6 Express,,"{""type"": ""Point"", ""coordinates"": [-73.94747800151535, 40.79060033297557]}"
18th Ave,F,,"{""type"": ""Point"", ""coordinates"": [-73.97697099987748, 40.62975500011658]}"
Bowling Green,4-5,,"{""type"": ""Point"", ""coordinates"": [-74.01400799848192, 40.70491433249641]}"
Morrison Av - Soundview,6,,"{""type"": ""Point"", ""coordinates"": [-73.87451599884416, 40.82952133509822]}"
Union Sq - 14th St,N-Q-R,,"{""type"": ""Point"", ""coordinates"": [-73.99053886168421, 40.73587260060105]}"
104th St,A-S,,"{""type"": ""Point"", ""coordinates"": [-73.83768299993733, 40.68171133420265]}"
Atlantic Ave,L,,"{""type"": ""Point"", ""coordinates"": [-73.90309699915746, 40.67534499944307]}"
Bowery,J-Z,,"{""type"": ""Point"", ""coordinates"": [-73.99380690672804, 40.72024721673802]}"
3rd Ave - 138th St,6-6 Express,,"{""type"": ""Point"", ""coordinates"": [-73.92613800022268, 40.81047633454128]}"
Parsons Blvd,F,,"{""type"": ""Point"", ""coordinates"": [-73.80328899878043, 40.707572333274406]}"
207th St,1,,"{""type"": ""Point"", ""coordinates"": [-73.91881900072035, 40.86461433371397]}"
Van Siclen Ave,3-4,,"{""type"": ""Point"", ""coordinates"": [-73.88940491629887, 40.665518296669426]}"
86th St,1-2,,"{""type"": ""Point"", ""coordinates"": [-73.97621799811338, 40.788644334048875]}"
Houston St,1-2,,"{""type"": ""Point"", ""coordinates"": [-74.00536700184284, 40.72825133360778]}"
Grand Central - 42nd St,7-7 Express,,"{""type"": ""Point"", ""coordinates"": [-73.97604100119783, 40.7514313335169]}"
Forest Hills - 71st Av,E-F-M-R,,"{""type"": ""Point"", ""coordinates"": [-73.84451671920684, 40.721594642936836]}"
Astoria Blvd,N-Q,,"{""type"": ""Point"", ""coordinates"": [-73.91809500082113, 40.77003733251731]}"
Ralph Ave,A-C,,"{""type"": ""Point"", ""coordinates"": [-73.92078599919039, 40.67882233452361]}"
Atlantic Ave,2-3-4-5,,"{""type"": ""Point"", ""coordinates"": [-73.97754993550325, 40.68442049853395]}"
49th St,N-Q-R,,"{""type"": ""Point"", ""coordinates"": [-73.98420956580884, 40.75980230703361]}"
57th St,F,,"{""type"": ""Point"", ""coordinates"": [-73.9773680013077, 40.764085333902344]}"
Grand St,B-D,,"{""type"": ""Point"", ""coordinates"": [-73.99375299925889, 40.71826733292371]}"
135th St,A-B-C,,"{""type"": ""Point"", ""coordinates"": [-73.94753480832394, 40.81790589210859]}"
Ft Hamilton Pkwy,D,,"{""type"": ""Point"", ""coordinates"": [-73.99420223752821, 40.640913044592416]}"
Rockaway Park - Beach 116 St,A-S,,"{""type"": ""Point"", ""coordinates"": [-73.83559008596315, 40.580956199166394]}"
Myrtle Ave,L,,"{""type"": ""Point"", ""coordinates"": [-73.91097571780212, 40.699471395338044]}"
Jamaica - 179th St,F,,"{""type"": ""Point"", ""coordinates"": [-73.78381700044146, 40.71264599994094]}"
14th St,A-C-E,,"{""type"": ""Point"", ""coordinates"": [-74.00168999943747, 40.74089333363849]}"
Grand St,L,,"{""type"": ""Point"", ""coordinates"": [-73.94049699898228, 40.711576333816964]}"
21st St,G,,"{""type"": ""Point"", ""coordinates"": [-73.94959999937969, 40.74412900001309]}"
E 143rd St - St Mary's St,6,,"{""type"": ""Point"", ""coordinates"": [-73.90765699883941, 40.80871933413642]}"
Cortlandt St (NB only),N-R,,"{""type"": ""Point"", ""coordinates"": [-74.01113196483963, 40.71051331767027]}"
Castle Hill Ave,6-6 Express,,"{""type"": ""Point"", ""coordinates"": [-73.8512219992089, 40.834255331832075]}"
Ave J,B-Q,,"{""type"": ""Point"", ""coordinates"": [-73.9606931624677, 40.62502315290566]}"
Herald Sq - 34th St,N-Q-R,,"{""type"": ""Point"", ""coordinates"": [-73.98793683324297, 40.74964489307887]}"
125th St,4-5-6-6 Express,,"{""type"": ""Point"", ""coordinates"": [-73.93759400019057, 40.80413833402929]}"
Shepherd Ave,A-C,,"{""type"": ""Point"", ""coordinates"": [-73.8807499971029, 40.67413033485928]}"
Harlem - 148 St,3,,"{""type"": ""Point"", ""coordinates"": [-73.93646999991866, 40.823880334075845]}"
Van Cortlandt Park - 242nd St,1,,"{""type"": ""Point"", ""coordinates"": [-73.89858299979805, 40.889248333450176]}"
Prince St,N-R,,"{""type"": ""Point"", ""coordinates"": [-73.99770200007187, 40.72432899922572]}"
Fordham Rd,4,,"{""type"": ""Point"", ""coordinates"": [-73.90103399833191, 40.862803333207]}"
Ditmas Ave,F,,"{""type"": ""Point"", ""coordinates"": [-73.97817199992703, 40.63611899980033]}"
Ft Hamilton Pkwy,N,,"{""type"": ""Point"", ""coordinates"": [-74.00535100072409, 40.63138600014412]}"
Franklin Ave,2-3-4-5,,"{""type"": ""Point"", ""coordinates"": [-73.95809973659006, 40.670765486457874]}"
Astoria - Ditmars Blvd,N-Q,,"{""type"": ""Point"", ""coordinates"": [-73.91203400018496, 40.77503599967846]}"
Eastchester - Dyre Ave,5,,"{""type"": ""Point"", ""coordinates"": [-73.83083400082735, 40.888300332490346]}"
Herald Sq - 34th St,B-D-F-M,,"{""type"": ""Point"", ""coordinates"": [-73.98777189015536, 40.74978973294833]}"
23rd St,F-M,,"{""type"": ""Point"", ""coordinates"": [-73.99276500454651, 40.7429546508876]}"
104th-102nd Sts,J-Z,,"{""type"": ""Point"", ""coordinates"": [-73.84443499900188, 40.69516633188884]}"
